MOD NAME,LEVEL,TYPE,GB's,REMOVING@WIPE
DeerIsle,1,Mulitple,10.800000,
SNAFU Weapons,1,Weapon,3.410000,
Tactical Flava,1,Mulitple,1.395953,Removing at Wipe
MuchStuffPack,2,BaseBuild,1.187491,Removing at Wipe
WindstridesClothingPack,2,Clothing,0.893954,Removing at Wipe
XZone STALKER Mutants,1,AI/Animal/Z,0.791944,
Modular Vest System,1,Clothing,0.752648,
TangoMedievalPack,1,Mulitple,0.699100,
DayZ-Expansion-Licensed,2,Vehicle,0.692061,
Arma 2 Helicopters Remastered,2,Vehicle,0.685568,
DNA Keycards,1,Event,0.603635,
DayZ-Expansion-Vehicles,2,Vehicle,0.573380,
DayZ-Expansion-Weapons,2,Weapon,0.473867,
Quadlock's Pack,2,Mulitple,0.338697,
CreepyZombies,1,AI/Animal/Z,0.330389,
BaseBuildingPlus,2,BaseBuild,0.320329,
DayZ-Expansion-BaseBuilding,2,BaseBuild,0.245084,
DayZ Mining System with Ores and Gems,2,Framework,0.213592,
_WTeamT_Playable_Guitar_v2,2,Fun,0.208076,
DBN_FordRaptor_Scorpio,2,Vehicle,0.191203,
Ambient Animals Pack,1,AI/Animal/Z,0.173118,
Crocodile,2,AI/Animal/Z,0.163761,
[CrSk] BMW 525i E34,2,Vehicle,0.149699,Removing at Wipe
CannabisPlus,2,Fun,0.138978,
dbo_raptors_123,1,AI/Animal/Z,0.132552,
Blackouts Scorpion,2,Vehicle,0.130139,Removing at Wipe
DayZ-Expansion,1,Framework,0.122652,
MJO Prehistoric Fish Mod,3,AI/Animal/Z,0.121833,
MBM_ChevyImpala1967,2,Vehicle,0.121015,
STALKER Retextures [Tactical Flava],3,Clothing,0.119308,Removing at Wipe
MoreDinos,1,AI/Animal/Z,0.117535,
* Repacked Mod - KerberosGear,2,Clothing,0.115763,
CBD Zombies and Creatures,3,AI/Animal/Z,0.115451,
RedFalcon Watercraft,2,Vehicle,0.112273,
* Repacked Mod - GUITAR Songs,3,Fun,0.105243,
CBD Invasions,2,Event,0.102564,
Lightsword,1,Weapon,0.100336,
DayZ-Expansion-Market,1,Framework,0.095258,
* Repacked Mod - ApocalypseIsle/ArmbandBags,1,Mulitple,0.093393,
BBPItemPack,2,BaseBuild,0.088237,
Zeroy-JeepWillys,2,Vehicle,0.084570,
* Repacked Mod - AnimatedWindMill,2,Framework,0.078060,
* Repacked Mod - Chevy Crown Vic,2,Vehicle,0.077536,
DeerIsle Road Signs #2,1,Framework,0.073601,
* Repacked Mod - BerzerksZombieKnights,1,AI/Animal/Z,0.072100,
* Repacked Mod - CrashedPlaneAsset,2,Framework,0.063861,
* Repacked Mod - Metro2033RadioByBuddy,1,Framework,0.063236,
AirRaid,1,Event,0.062277,
mutant Ghoul free,1,AI/Animal/Z,0.058283,
DayZ-Expansion-Core,1,Framework,0.051581,
* Repacked Mod - HelicopterLandingPad,2,BaseBuild,0.049681,
Shooting Range Targets,3,Fun,0.048525,Removing at Wipe
MBM_2012DodgeCharger,2,Vehicle,0.046955,
DayZ-Expansion-Book,1,Framework,0.045054,
* Repacked Mod - RealClothing,2,Clothing,0.044299,
* Repacked Mod - UniversalSuppressorsV2,3,Weapon,0.043534,
* Repacked Mod - ZenExpAIAudio,1,AI/Animal/Z,0.041142,
* Repacked Mod - SLCSwords,2,Weapon,0.039979,
MBM_RamRebel,2,Vehicle,0.039286,
DayZ-Expansion-Missions,1,Event,0.037307,
Dayz-Cat,3,AI/Animal/Z,0.035916,Removing at Wipe
Gerphelius Zil-130,2,Vehicle,0.035714,
Dabs Framework,1,Framework,0.034424,
* Repacked Mod - MBMGunsSNAFURetexturePack,3,Weapon,0.033279,
MBM_ChevySuburban1989,2,Vehicle,0.031306,
/ServerSide - Gamelabs,1,Framework,0.029849,
dbo_spiders,1,AI/Animal/Z,0.028595,
dbo_creatures,1,AI/Animal/Z,0.027509,
Blackouts Truck Wrecks,2,Event,0.027270,
* Repacked Mod - GDZAnimalHeads,3,AI/Animal/Z,0.025238,Removing at Wipe
Alien Invasion,2,Event,0.024723,
Animal-Pack,1,AI/Animal/Z,0.020389,
CZLPoliceLightBar_Vanilla,3,Vehicle,0.019964,
* Repacked Mod - Chevy Van,2,Vehicle,0.018957,
* Repacked Mod - NemsisFlamethrower,2,Weapon,0.018706,
DrugsPLUS,2,Fun,0.017830,
THYER5 Sheriff and Police Mod,2,Vehicle,0.017407,
Azoic Spider,1,AI/Animal/Z,0.016948,
* Repacked Mod - Junglecamos,2,Clothing,0.016583,
Zens Sleeping Mod,1,Framework,0.016435,
* Repacked Mod - Waterfall,3,Framework,0.015355,Removing at Wipe
* Repacked Mod - FordBroncoXLT,2,Vehicle,0.015078,
* Repacked Mod - Metro2033LighterByBuddy,3,Fun,0.014579,
* Repacked Mod - ZensCarWorkbench,3,BaseBuild,0.013323,Removing at Wipe
MuchFramework,2,BaseBuild,0.013320,Removing at Wipe
DayZ-Expansion-Quests,1,Event,0.012568,
* Repacked Mod - BubbleHeadNurse,3,AI/Animal/Z,0.010610,
MBM_CanAm,2,Vehicle,0.010138,
Code Lock,2,BaseBuild,0.009820,
* Repacked Mod - BerzerkChimpanzee,1,AI/Animal/Z,0.009793,
DayZ-Expansion-Spawn-Selection,1,Framework,0.009549,
FlipTransport,2,Vehicle,0.009532,
RaG_Thunderstruck,2,Event,0.009184,
* Repacked Mod - MBMGuns,3,Weapon,0.009102,
MBM_DodgeRam50,2,Vehicle,0.008761,
AmmoStackBullet,3,Framework,0.007618,
* Repacked Mod - ExplosiveCrossbowBolts,2,Weapon,0.007358,
TF:Fireworks,3,Fun,0.007333,
DayZ-Expansion-AI,1,AI/Animal/Z,0.006611,
DayZ-Expansion-Animations,2,Vehicle,0.006562,
BodyBags,1,Framework,0.005567,
Sylver's Minigun,3,Weapon,0.005411,
* Repacked Mod - InfectedWolf,3,AI/Animal/Z,0.005367,
* Repacked Mod - BlackOps,1,Clothing,0.003957,
* Repacked Mod - ZensTreasure,3,Fun,0.003911,
* Repacked Mod - ZenNotes,3,Fun,0.003590,
* Repacked Mod - SaucesBottleOfBeer,2,Fun,0.002466,
* Repacked Mod - FishyLogCabin,2,Framework,0.002382,
* Repacked Mod - GhilliePaint,3,Clothing,0.002287,
DayZ-Expansion-Navigation,1,Framework,0.002173,
NemesisNetworksCanAmRetexture,3,Vehicle,0.001912,
Community-Online-Tools,1,Framework,0.001534,
SimpleTraderSigns_Expansion,1,Framework,0.001503,
* Repacked Mod - ZenArtilieryStrike,2,Weapon,0.000911,
* Repacked Mod - MoreBatteries,3,Weapon,0.000733,
CF,1,Framework,0.000513,
* Repacked Mod - BunkerAssets,2,Framework,0.000383,
* Repacked Mod - TreeHouse,2,Framework,0.000311,
Lad's Lighting Overhaul,1,Framework,0.000252,
DayZ-Expansion-Hardline,1,Framework,0.000244,
HealthBar-Ninjins,3,Framework,0.000240,
DayZ-Expansion-Chat,1,Framework,0.000091,
Forever_Burning_Campfire,1,Framework,0.000069,
* Repacked Mod - CutUpYourGhillie,3,Framework,0.000062,
/ServerSide - Weather Report,1,Framework,0.000040,
* Repacked Mod - StalkerEnglish,3,Framework,0.000038,
* Repacked Mod - LastResortDrunkenness,2,Fun,0.000029,
/ServerSide - Spawner Bubaku,1,AI/Animal/Z,0.000027,
AI ABDUCTORS,2,AI/Animal/Z,0.000025,
* Repacked Mod - ZenSplitItemUI,3,Framework,0.000018,
* Repacked Mod - NemsisFlamethrowerCrafting,3,Weapon,0.000008,
* Repacked Mod - DITemperature,1,Framework,0.000005,
* Repacked Mod - RussianRoulette,3,Fun,0.000005,
/ServerSide - Zens Floating Airdrops,1,Framework,0.000005,
* Repacked Mod - StartWithBeard,3,Framework,0.000004,
* Repacked Mod - SurvivorNameChanger,1,Framework,0.000002,
* Repacked Mod - DeleteClassicWalk,3,Framework,0.000001,
